자치구 기준일,종로구 추가,중구 추가,용산구 추가,성동구 추가,광진구 추가,동대문구 추가,중랑구 추가,성북구 추가,강북구 추가,도봉구 추가,노원구 추가,은평구 추가,서대문구 추가,마포구 추가,양천구 추가,강서구 추가,구로구 추가,금천구 추가,영등포구 추가,동작구 추가,관악구 추가,서추구 추가,강남구 추가,송파구 추가,강동구 추가
2022-06-30,0.0002037238,0.0002784515,0.0002762375,0.0002115934,0.0002459084,0.0001571144,0.0001297800,0.0002134063,0.0001104972,0.0001379331,0.0001960803,0.0001761625,0.0002086690,0.0002797304,0.0002193116,0.0002064787,0.0002121796,0.0001193460,0.0002742325,0.0001888171,0.0002090341,0.0003012873,0.0002964186,0.0002482071,0.0003566412
2022-06-29,0.0002098973,0.0003444006,0.0003615461,0.0002506568,0.0002103883,0.0002067295,0.0001372673,0.0002288068,0.0001799526,0.0001319360,0.0002054174,0.0001616550,0.0001871883,0.0003159918,0.0001823977,0.0002618755,0.0001733941,0.0001074114,0.0002939970,0.0002157910,0.0002554862,0.0002897877,0.0003673409,0.0002511445,0.0004419725
2022-06-28,0.0002531114,0.0003297452,0.0003412345,0.0002799543,0.0002868931,0.0001626272,0.0001572335,0.0002266067,0.0002304657,0.0001529258,0.0001998151,0.0001077700,0.0002209436,0.0003496630,0.0001780549,0.0002786624,0.0001391715,0.0001869754,0.0002495269,0.0002403127,0.0002438732,0.0002483895,0.0003127853,0.0002687686,0.0003763330
2022-06-27,0.0000370407,0.0000879321,0.0000934333,0.0000488292,0.0000464494,0.0000441023,0.0000199662,0.0000484014,0.0000378848,0.0000209898,0.0000597578,0.0000476675,0.0000521672,0.0000725227,0.0000499422,0.0000788984,0.0000250965,0.0000278474,0.0000617641,0.0000490434,0.0000464520,0.0000965959,0.0000909260,0.0000778401,0.0001093991
2022-06-26,0.0001296424,0.0002051748,0.0001056202,0.0001171902,0.0001557420,0.0000689098,0.0000948392,0.0001254037,0.0000820837,0.0000779622,0.0001288527,0.0001367850,0.0001166091,0.0001476355,0.0001215985,0.0001527607,0.0000661635,0.0000755858,0.0001161165,0.0001152520,0.0001103236,0.0001793924,0.0002018556,0.0001380560,0.0002428661
2022-06-25,0.0001852035,0.0002198301,0.0001340564,0.0001692747,0.0001557420,0.0000771790,0.0000973350,0.0001452043,0.0001231255,0.0001379331,0.0001027087,0.0000974075,0.0001687764,0.0002331087,0.0001129129,0.0001460459,0.0001254825,0.0000954768,0.0001309399,0.0001152520,0.0001683886,0.0001678929,0.0002273149,0.0001556802,0.0002734978
2022-06-24,0.0001913769,0.0000806044,0.0002274897,0.0001432324,0.0001639389,0.0000937174,0.0000998308,0.0001298038,0.0001073402,0.0000719651,0.0000877693,0.0001284950,0.0001104718,0.0002123879,0.0001302841,0.0001426886,0.0001984906,0.0001193460,0.0001457632,0.0001569389,0.0001490336,0.0001747926,0.0002018556,0.0002100214,0.0002428661
2022-06-23,0.0001111221,0.0002198301,0.0001462434,0.0001367219,0.0001721359,0.0001267941,0.0000998308,0.0001386041,0.0000947119,0.0001019506,0.0001269853,0.0001326400,0.0001472957,0.0001942572,0.0001563409,0.0001494033,0.0000935415,0.0001074114,0.0001284693,0.0001618432,0.0001238721,0.0002000915,0.0001964001,0.0001806478,0.0002363021
2022-06-22,0.0001728566,0.0002344855,0.0002193651,0.0000976585,0.0001420804,0.0001102557,0.0001148054,0.0001760052,0.0001483820,0.0001229404,0.0001251179,0.0001430025,0.0001350211,0.0001864869,0.0001476553,0.0001913705,0.0001391715,0.0000795640,0.0001852922,0.0001863650,0.0002245182,0.0002322902,0.0002036741,0.0001968033,0.0002450541
2022-06-21,0.0001666831,0.0001538811,0.0002396766,0.0001497430,0.0002486407,0.0001516016,0.0001722081,0.0002112063,0.0001325967,0.0001079476,0.0001923454,0.0001056975,0.0001657077,0.0002771403,0.0001650265,0.0001712263,0.0001346085,0.0002188010,0.0002050567,0.0001716519,0.0001722596,0.0002184908,0.0002691408,0.0002996109,0.0003238214
2022-06-20,0.0000555610,0.0001025874,0.0000731217,0.0000781268,0.0000601109,0.0000468587,0.0000474196,0.0000506015,0.0000410418,0.0000539738,0.0000634927,0.0000766825,0.0000429613,0.0000751128,0.0000933703,0.0000906492,0.0000730080,0.0000636512,0.0000790580,0.0000367826,0.0000541940,0.0000827965,0.0001145667,0.0000925269,0.0001378429
2022-06-19,0.0000740814,0.0001025874,0.0001096825,0.0000911479,0.0001065603,0.0000716662,0.0000848562,0.0000902027,0.0000757695,0.0000599709,0.0000634927,0.0000746100,0.0000736479,0.0001424553,0.0001107415,0.0001527607,0.0000638820,0.0000914986,0.0001087048,0.0001127998,0.0001238721,0.0001678929,0.0001709408,0.0001292439,0.0002056704
2022-06-18,0.0001358159,0.0001245704,0.0001259318,0.0001204455,0.0001010957,0.0000744226,0.0000848562,0.0001342040,0.0000726125,0.0000689666,0.0000877693,0.0000870450,0.0001135405,0.0001735365,0.0000998845,0.0000973640,0.0000547560,0.0000795640,0.0001284693,0.0001324172,0.0000987106,0.0001494937,0.0001818519,0.0001630236,0.0002187983
2022-06-17,0.0001358159,0.0001172427,0.0001096825,0.0000716162,0.0001147572,0.0000799354,0.0000798646,0.0001144034,0.0000441989,0.0000719651,0.0001064436,0.0000932625,0.0001166091,0.0001528157,0.0001259413,0.0001410099,0.0000958230,0.0000795640,0.0001432927,0.0001226085,0.0001509691,0.0001793924,0.0001545741,0.0001380560,0.0001859785
2022-06-16,0.0000555610,0.0001318981,0.0001259318,0.0001302113,0.0001612066,0.0000937174,0.0000923435,0.0001364040,0.0000947119,0.0000959535,0.0001325876,0.0001202050,0.0001657077,0.0001554058,0.0001758835,0.0001863345,0.0000981045,0.0001113896,0.0001679983,0.0001127998,0.0001470981,0.0001678929,0.0002000371,0.0001644923,0.0002406781
2022-06-15,0.0001666831,0.0001612088,0.0002153027,0.0001237007,0.0001448127,0.0000909610,0.0001372673,0.0001496044,0.0000631413,0.0001139447,0.0001027087,0.0001658000,0.0001411584,0.0002072077,0.0001476553,0.0001896918,0.0001095120,0.0001074114,0.0002174096,0.0001790084,0.0001800016,0.0001977916,0.0002236778,0.0001718357,0.0002691219
2022-06-14,0.0001234690,0.0001318981,0.0002234274,0.0001660194,0.0001475450,0.0001516016,0.0001522419,0.0001518045,0.0001073402,0.0001289375,0.0001419248,0.0001450750,0.0001779824,0.0001864869,0.0001780549,0.0001678689,0.0001209195,0.0001233242,0.0001803511,0.0001912693,0.0001238721,0.0001954917,0.0002218593,0.0002041467,0.0002669339
2022-06-13,0.0000432141,0.0000806044,0.0000568724,0.0000423187,0.0000382524,0.0000468587,0.0000574027,0.0000550016,0.0000378848,0.0000359825,0.0000616252,0.0001015525,0.0000675105,0.0000802930,0.0000434280,0.0000621115,0.0000136890,0.0000318256,0.0000494113,0.0000882781,0.0000367745,0.0001218948,0.0001054741,0.0000719654,0.0001269030
2022-06-12,0.0000740814,0.0001172427,0.0001828042,0.0001041690,0.0000819695,0.0000578842,0.0001247885,0.0000946028,0.0000631413,0.0000929549,0.0001101784,0.0000849725,0.0000828539,0.0001295048,0.0001433125,0.0000923279,0.0000981045,0.0000716076,0.0001383515,0.0001324172,0.0000987106,0.0000804966,0.0001400260,0.0001336500,0.0001684747
2022-06-11,0.0000987752,0.0001465534,0.0001421811,0.0000976585,0.0001256865,0.0000826918,0.0001347716,0.0001210036,0.0001231255,0.0001049491,0.0001213830,0.0000974075,0.0001595704,0.0001994374,0.0001107415,0.0001426886,0.0000912600,0.0001074114,0.0001432927,0.0001348694,0.0001335496,0.0001494937,0.0001363889,0.0001277753,0.0001640987
2022-06-10,0.0001419893,0.0000879321,0.0002112404,0.0001334666,0.0001420804,0.0001019865,0.0000948392,0.0001298038,0.0000947119,0.0001199418,0.0000933716,0.0001284950,0.0001258151,0.0002046176,0.0001042273,0.0001561181,0.0001140750,0.0001432152,0.0001679983,0.0001593911,0.0001509691,0.0001586933,0.0001873075,0.0001659610,0.0002253622
2022-06-09,0.0001296424,0.0001318981,0.0001868665,0.0001888064,0.0001721359,0.0001653836,0.0001996616,0.0001738051,0.0001199684,0.0001079476,0.0001755385,0.0002549175,0.0002393556,0.0002382889,0.0001997690,0.0001846558,0.0001254825,0.0001551498,0.0002099979,0.0001937215,0.0001838726,0.0002092911,0.0002218593,0.0001997406,0.0002669339
2022-06-08,0.0002901521,0.0003150899,0.0002559259,0.0002636779,0.0002814285,0.0002783957,0.0001946700,0.0002310068,0.0001736385,0.0001559244,0.0002054174,0.0001388575,0.0002853855,0.0003652036,0.0002062832,0.0002786624,0.0001916461,0.0005728607,0.0002742325,0.0002599301,0.0001974211,0.0002184908,0.0002891445,0.0002379263,0.0003478893
2022-06-07,0.0001049486,0.0000586214,0.0001056202,0.0001269560,0.0000655756,0.0000744226,0.0000723773,0.0001100033,0.0000536701,0.0000689666,0.0000896367,0.0001181325,0.0000859225,0.0000984237,0.0000825133,0.0001124722,0.0000524745,0.0000556948,0.0000518818,0.0001152520,0.0000793556,0.0001149951,0.0001254778,0.0000837148,0.0001509708
2022-06-06,0.0000370407,0.0000879321,0.0000609347,0.0000423187,0.0000491817,0.0000578842,0.0000773689,0.0000638019,0.0000252565,0.0000569724,0.0000616252,0.0000663200,0.0001288838,0.0000673425,0.0000673135,0.0000973640,0.0000296595,0.0000676294,0.0000518818,0.0000882781,0.0000483875,0.0001287946,0.0001036556,0.0000704967,0.0001247150
2022-06-05,0.0001605097,0.0002271578,0.0001624926,0.0001920617,0.0001284188,0.0001240377,0.0001297800,0.0001452043,0.0001168114,0.0001259389,0.0001083110,0.0001803075,0.0001534331,0.0001864869,0.0001454839,0.0001779410,0.0001368900,0.0001710626,0.0001902334,0.0002059823,0.0001974211,0.0001655930,0.0002018556,0.0001879912,0.0002428661
2022-06-04,0.0001975504,0.0001392258,0.0004346678,0.0003548258,0.0002049236,0.0001433324,0.0001921743,0.0002090062,0.0001136543,0.0001229404,0.0003529445,0.0002818600,0.0002516302,0.0001916671,0.0001715407,0.0001980853,0.0001528605,0.0001670844,0.0001531749,0.0001912693,0.0001412916,0.0002759883,0.0002600482,0.0001556802,0.0003128815
2022-06-03,0.0001852035,0.0001538811,0.0002884244,0.0006119931,0.0001475450,0.0002094859,0.0001747039,0.0003696109,0.0001673244,0.0001499273,0.0004724601,0.0001948150,0.0002945915,0.0001968473,0.0001541695,0.0001695476,0.0001277640,0.0001034332,0.0002223507,0.0002133388,0.0002167762,0.0002667887,0.0002182223,0.0002041467,0.0002625579
2022-06-02,0.0001481628,0.0001025874,0.0001340564,0.0003352941,0.0001366158,0.0001901911,0.0000773689,0.0002266067,0.0001010260,0.0000719651,0.0002016826,0.0002528450,0.0001626390,0.0001709464,0.0001215985,0.0001594754,0.0000935415,0.0000676294,0.0001012931,0.0001250607,0.0001490336,0.0002046913,0.0003946186,0.0001762417,0.0004747923
2022-06-01,0.0002284176,0.0002051748,0.0002518636,0.0002734437,0.0002868931,0.0003996770,0.0002296108,0.0005500163,0.0001546961,0.0002248909,0.0003043913,0.0002404100,0.0002086690,0.0002538295,0.0002345114,0.0002299804,0.0001460160,0.0001989100,0.0002099979,0.0002255997,0.0002709702,0.0002989874,0.0005655594,0.0002144274,0.0006804626
2022-05-31,0.0001913769,0.0002931069,0.0003656084,0.0005110794,0.0002896254,0.0003638438,0.0002096447,0.0004642137,0.0001925809,0.0002039011,0.0004743275,0.0002196850,0.0003713080,0.0003211720,0.0002019404,0.0002518033,0.0003148471,0.0001869754,0.0002964676,0.0002893561,0.0002709702,0.0002989874,0.0004655409,0.0002746434,0.0005601236
2022-05-30,0.0000493876,0.0000586214,0.0000649971,0.0001497430,0.0000573786,0.0002232678,0.0000449239,0.0000462014,0.0000536701,0.0000659680,0.0001475271,0.0003212375,0.0000889912,0.0001061940,0.0000716563,0.0001057574,0.0000342225,0.0000477384,0.0000839992,0.0000613043,0.0000696780,0.0001149951,0.0002327704,0.0000660906,0.0002800618
2022-05-29,0.0001111221,0.0001172427,0.0002437390,0.0001790405,0.0001721359,0.0001598708,0.0001472504,0.0001804053,0.0001325967,0.0002068997,0.0002371637,0.0002093225,0.0001472957,0.0001838969,0.0002019404,0.0001645115,0.0001574235,0.0001710626,0.0001927039,0.0001544867,0.0001916146,0.0002230906,0.0003127853,0.0001982719,0.0003763330
2022-05-28,0.0002654583,0.0002711238,0.0002843621,0.0001757853,0.0002103883,0.0001929475,0.0001472504,0.0001650049,0.0001389108,0.0001709171,0.0001904780,0.0002528450,0.0002270809,0.0002072077,0.0002388542,0.0002081574,0.0001893646,0.0001631062,0.0002396446,0.0002108867,0.0001741951,0.0002575891,0.0002909631,0.0001762417,0.0003500772
2022-05-27,0.0002222442,0.0002418132,0.0005281011,0.0002701884,0.0002486407,0.0002425626,0.0002395939,0.0001650049,0.0001452249,0.0001919069,0.0002502358,0.0002569900,0.0002546989,0.0002512394,0.0002410256,0.0002366951,0.0002486836,0.0001670844,0.0002519975,0.0002280518,0.0002380667,0.0003288861,0.0008819817,0.0002893302,0.0010611716
2022-05-26,0.0002839787,0.0002637962,0.0003331099,0.0002376356,0.0002595699,0.0002260242,0.0002495770,0.0002244066,0.0002020521,0.0001979040,0.0002315615,0.0002487000,0.0003191408,0.0002875007,0.0002801108,0.0002400525,0.0002304316,0.0001670844,0.0002989382,0.0002427649,0.0002845187,0.0003173866,0.0003146038,0.0002467384,0.0003785210
2022-05-25,0.0003704070,0.0002491408,0.0004346678,0.0002083381,0.0003388071,0.0002976904,0.0002445854,0.0002970088,0.0002273086,0.0002338866,0.0003622816,0.0003191650,0.0003651707,0.0003677937,0.0003865095,0.0003021640,0.0003102841,0.0002347138,0.0003755256,0.0003825386,0.0003522612,0.0004047829,0.0004200779,0.0003451401,0.0005054240
2022-05-24,0.0004506618,0.0004176773,0.0004752910,0.0004264420,0.0003852564,0.0003941642,0.0003718697,0.0003938117,0.0003567482,0.0003928095,0.0003809559,0.0003212375,0.0003958573,0.0004247758,0.0002822822,0.0003944919,0.0003194101,0.0003023432,0.0004249369,0.0004340342,0.0004161328,0.0004323817,0.0004491742,0.0004861334,0.0005404317
2022-05-23,0.0000926017,0.0000586214,0.0000853086,0.0001041690,0.0001038280,0.0001516016,0.0000549069,0.0000792023,0.0001136543,0.0000749636,0.0001064436,0.0000911900,0.0001135405,0.0001476355,0.0001454839,0.0001426886,0.0000730080,0.0000716076,0.0001111753,0.0000907303,0.0001316141,0.0001471938,0.0001873075,0.0001263066,0.0002253622
2022-05-22,0.0001543362,0.0001978471,0.0002884244,0.0002571673,0.0002377114,0.0002425626,0.0002271150,0.0002772082,0.0002399369,0.0002818633,0.0002969215,0.0003668325,0.0002761795,0.0003522531,0.0003170247,0.0002887345,0.0002281501,0.0002466484,0.0002816442,0.0002550257,0.0002574217,0.0002644888,0.0002345890,0.0002952049,0.0002822498
2022-05-21,0.0003642335,0.0002418132,0.0003006114,0.0003125071,0.0003333424,0.0003142288,0.0002670474,0.0002684079,0.0003062352,0.0002788648,0.0003193307,0.0003398900,0.0003314154,0.0004144154,0.0003170247,0.0003139148,0.0003330991,0.0003301906,0.0002915265,0.0003310430,0.0003348417,0.0004323817,0.0003746149,0.0003892005,0.0004507244
2022-05-20,0.0002716318,0.0003370729,0.0003290476,0.0003352941,0.0003360748,0.0003197416,0.0003119712,0.0003564105,0.0003441200,0.0003718197,0.0003697514,0.0004103550,0.0004081320,0.0004480867,0.0004581658,0.0003558820,0.0003102841,0.0003421252,0.0004101135,0.0004438428,0.0003851648,0.0004208822,0.0003982557,0.0004156368,0.0004791682
2022-05-19,0.0004630087,0.0003517282,0.0003696707,0.0004101656,0.0004125796,0.0004299973,0.0003718697,0.0004048120,0.0003630624,0.0003808153,0.0004575206,0.0004435150,0.0004112006,0.0004299560,0.0004451374,0.0004700329,0.0004061071,0.0003938417,0.0003952901,0.0004536515,0.0003948423,0.0004047829,0.0004782705,0.0004479477,0.0005754395
2022-05-18,0.0004259680,0.0005275923,0.0004509171,0.0004264420,0.0004781551,0.0005182018,0.0003768612,0.0005082150,0.0004198895,0.0004617760,0.0004127023,0.0004870375,0.0004388186,0.0005724113,0.0004386232,0.0004079214,0.0004540186,0.0005291005,0.0004694070,0.0005443818,0.0004606493,0.0004944791,0.0005019113,0.0004259175,0.0006038832
2022-05-17,0.0005370901,0.0004689710,0.0005362257,0.0005241005,0.0005983770,0.0004548048,0.0005016497,0.0005126152,0.0004325178,0.0004647746,0.0006218545,0.0004683850,0.0005677023,0.0005568707,0.0005580503,0.0005086427,0.0005338712,0.0005967299,0.0006176408,0.0006522773,0.0005651664,0.0005381772,0.0005764705,0.0005669109,0.0006935905
2022-05-16,0.0000987752,0.0000952597,0.0001381187,0.0001627641,0.0001256865,0.0001516016,0.0001422589,0.0001298038,0.0000947119,0.0001259389,0.0001904780,0.0002942950,0.0001749137,0.0001709464,0.0001932548,0.0002417312,0.0000775710,0.0000517166,0.0001309399,0.0001446781,0.0001741951,0.0002414898,0.0001563926,0.0001439307,0.0001881665
2022-05-15,0.0002778052,0.0003150899,0.0003493592,0.0005175899,0.0003961857,0.0003555747,0.0002745347,0.0003784112,0.0003030781,0.0004137993,0.0004108348,0.0002901500,0.0003805140,0.0004299560,0.0004929082,0.0004146362,0.0003216916,0.0003858853,0.0003804667,0.0003555647,0.0003464547,0.0004254820,0.0003982557,0.0003671703,0.0004791682
2022-05-14,0.0004383149,0.0004030219,0.0004468548,0.0005957167,0.0004808875,0.0004024333,0.0003568951,0.0003916116,0.0003756906,0.0003658226,0.0004705926,0.0004932550,0.0004234753,0.0004972985,0.0005211364,0.0004247083,0.0003171286,0.0004057763,0.0005064655,0.0004830776,0.0004006488,0.0004185823,0.0004982742,0.0004993516,0.0005995073
2022-05-13,0.0003395397,0.0004836263,0.0005768489,0.0004036550,0.0005956447,0.0004299973,0.0005116328,0.0005126152,0.0003693765,0.0004018051,0.0005098087,0.0004600950,0.0005124664,0.0005361500,0.0006145067,0.0004750690,0.0004699891,0.0004256673,0.0004669365,0.0004487472,0.0004296813,0.0005381772,0.0005110039,0.0004846648,0.0006148231
2022-05-12,0.0004321414,0.0004616433,0.0006174720,0.0005403769,0.0006338971,0.0004630740,0.0005066412,0.0005192154,0.0004388319,0.0004167979,0.0005116761,0.0005243426,0.0005431530,0.0005102490,0.0005385076,0.0006345444,0.0004380481,0.0004853403,0.0005954057,0.0005002428,0.0005303274,0.0005220779,0.0004491742,0.0005815977,0.0005404317
2022-05-11,0.0005000494,0.0005129370,0.0005727865,0.0004720160,0.0005655892,0.0005815989,0.0005665397,0.0005786171,0.0003977901,0.0005007571,0.0005434224,0.0007005051,0.0006536249,0.0005465104,0.0005841071,0.0005187149,0.0005315897,0.0005688825,0.0006423464,0.0006841555,0.0005632309,0.0007566680,0.0006419372,0.0005081637,0.0007723579
2022-05-10,0.0005679573,0.0007254395,0.0007759023,0.0007552255,0.0008306238,0.0006835854,0.0007362521,0.0007568224,0.0005303867,0.0007406408,0.0008776926,0.0004932550,0.0008101266,0.0008029299,0.0007751904,0.0008040920,0.0007049837,0.0007717707,0.0009289318,0.0008558075,0.0007335550,0.0007014703,0.0009019855,0.0007593081,0.0010852394
2022-05-09,0.0001543362,0.0001172427,0.0001381187,0.0002897201,0.0002349791,0.0002067295,0.0001672166,0.0002046061,0.0001389108,0.0002338866,0.0003025238,0.0003626875,0.0003099348,0.0002978611,0.0002670824,0.0002736263,0.0001391715,0.0001273024,0.0002445858,0.0002525736,0.0002612927,0.0003426855,0.0003818890,0.0002643626,0.0004594764
2022-05-08,0.0004877025,0.0005275923,0.0005321634,0.0005078241,0.0005409984,0.0004575612,0.0005415820,0.0005258156,0.0003535912,0.0004587775,0.0006013128,0.0004911825,0.0005400844,0.0006656548,0.0008685607,0.0004884985,0.0006023162,0.0004654493,0.0005188183,0.0005517383,0.0005903279,0.0006485726,0.0006019298,0.0005727856,0.0007242223
2022-05-07,0.0004506618,0.0006961288,0.0006337213,0.0006575671,0.0006748818,0.0007524952,0.0005390862,0.0005896175,0.0005367009,0.0006716742,0.0006722752,0.0004994725,0.0006597622,0.0006863756,0.0005363362,0.0005942559,0.0005544047,0.0006444683,0.0007732863,0.0007111294,0.0005922634,0.0006301733,0.0006492113,0.0006212521,0.0007811098
2022-05-06,0.0002037238,0.0003004345,0.0002843621,0.0003125071,0.0003688625,0.0001984603,0.0002595600,0.0003278097,0.0002809787,0.0002578749,0.0003996302,0.0004497325,0.0003897200,0.0003082215,0.0003669669,0.0004280657,0.0002486836,0.0002188010,0.0002890559,0.0003727299,0.0003367772,0.0003932834,0.0003727964,0.0003172351,0.0004485365
2022-05-05,0.0006729060,0.0007181118,0.0006865314,0.0005761850,0.0007022050,0.0005374966,0.0005640439,0.0005720169,0.0004767167,0.0005697237,0.0006255894,0.0006507651,0.0007272727,0.0007304072,0.0006774774,0.0005203936,0.0005179007,0.0004137327,0.0006052880,0.0006915121,0.0006619415,0.0007037702,0.0006419372,0.0005860038,0.0007723579
2022-05-04,0.0005000494,0.0008719929,0.0006134097,0.0007129069,0.0006475587,0.0006449959,0.0005890016,0.0007590225,0.0006061563,0.0007346437,0.0006704078,0.0008517976,0.0007334100,0.0007252270,0.0007730190,0.0006765116,0.0006205682,0.0005569479,0.0006966988,0.0007920510,0.0006058119,0.0008026660,0.0006710335,0.0006095027,0.0008073656
2022-05-03,0.0008210687,0.0009159589,0.0007190299,0.0008007995,0.0008579469,0.0008544818,0.0008410744,0.0007326217,0.0007040253,0.0007646292,0.0009225109,0.0005492126,0.0008039893,0.0008625021,0.0007947330,0.0008964199,0.0008350292,0.0008592911,0.0008622266,0.0008827813,0.0008748466,0.0008233652,0.0008401558,0.0007739949,0.0010108480
2022-05-02,0.0001358159,0.0001245704,0.0001381187,0.0002669332,0.0002595699,0.0002370498,0.0001971658,0.0002046061,0.0001799526,0.0002158953,0.0002371637,0.0003274550,0.0002240123,0.0003470729,0.0002410256,0.0003206296,0.0001802386,0.0001432152,0.0002025862,0.0002452170,0.0002380667,0.0003449854,0.0002964186,0.0002775807,0.0003566412
2022-05-01,0.0003271928,0.0003883666,0.0004509171,0.0004101656,0.0005874477,0.0005512786,0.0005091370,0.0005258156,0.0004262036,0.0004707717,0.0004967367,0.0005906626,0.0005370157,0.0005750014,0.0006883344,0.0004767476,0.0004563001,0.0005171659,0.0005287005,0.0005419297,0.0005400049,0.0004829796,0.0005328261,0.0005066950,0.0006410789
2022-04-30,0.0004568352,0.0004836263,0.0004752910,0.0005859509,0.0005765185,0.0005623041,0.0006114636,0.0005962176,0.0005619574,0.0005007571,0.0005396876,0.0005015450,0.0005891830,0.0006527043,0.0005993069,0.0007973772,0.0005429972,0.0005171659,0.0005632884,0.0006375643,0.0005283919,0.0007336690,0.0006874002,0.0006227208,0.0008270575
2022-04-29,0.0006235184,0.0008866482,0.0007109053,0.0006998857,0.0006858111,0.0006174320,0.0006888324,0.0007040208,0.0007292818,0.0006326931,0.0006853472,0.0007937676,0.0006720368,0.0007744389,0.0007578192,0.0006261510,0.0006228497,0.0007996181,0.0006448170,0.0006253035,0.0007877491,0.0006876709,0.0008583410,0.0007108417,0.0010327278
2022-04-28,0.0006111715,0.0008719929,0.0006215343,0.0007584808,0.0008224268,0.0007993539,0.0008136209,0.0009064268,0.0007545383,0.0007076568,0.0008851623,0.0008207101,0.0007610280,0.0009091239,0.0008707321,0.0007839477,0.0007916807,0.0007518797,0.0009659902,0.0009146596,0.0008864596,0.0009222610,0.0008838003,0.0008753339,0.0010633596
2022-04-27,0.0008828032,0.0008426822,0.0010115167,0.0008724157,0.0010300828,0.0008792893,0.0010032994,0.0010626315,0.0008902920,0.0009445419,0.0010476288,0.0012890951,0.0009298044,0.0010800702,0.0010574727,0.0010424658,0.0010859943,0.0009706807,0.0012056349,0.0009538943,0.0011090423,0.0012810458,0.0012111337,0.0011176663,0.0014571965
2022-04-26,0.0010988740,0.0012823425,0.0012755672,0.0013965162,0.0012295418,0.0012899918,0.0013227579,0.0012562372,0.0010418311,0.0011934212,0.0014752705,0.0010113801,0.0012121212,0.0015177966,0.0010878723,0.0012338363,0.0012730774,0.0013088276,0.0013810449,0.0012996503,0.0012929149,0.0011384518,0.0011656707,0.0013115322,0.0014024969
2022-04-25,0.0003395397,0.0002857792,0.0003371722,0.0003580811,0.0004289735,0.0004630740,0.0003718697,0.0004136122,0.0003409629,0.0004137993,0.0004612555,0.0006549101,0.0004173379,0.0004610372,0.0005124508,0.0005405378,0.0003216916,0.0002983650,0.0003977607,0.0003800864,0.0004296813,0.0005496767,0.0005710150,0.0004200428,0.0006870266
2022-04-24,0.0006605591,0.0009086313,0.0009424573,0.0009310108,0.0009289871,0.0008296742,0.0008934855,0.0009856292,0.0008587214,0.0008335957,0.0010252197,0.0008953201,0.0009298044,0.0009945971,0.0010857009,0.0009467805,0.0011795359,0.0009030513,0.0010154015,0.0009440856,0.0010838808,0.0011338520,0.0010165522,0.0010368889,0.0012230823
2022-04-23,0.0008457625,0.0011650998,0.0011171369,0.0012077098,0.0011940217,0.0009950578,0.0010656936,0.0010296305,0.0008587214,0.0009655317,0.0010849775,0.0012352101,0.0011599540,0.0012924582,0.0012724414,0.0012338363,0.0012069139,0.0009945499,0.0011759881,0.0012457026,0.0011283973,0.0011039533,0.0011620337,0.0011808196,0.0013981210
2022-04-22,0.0010494864,0.0012163935,0.0011293238,0.0011491147,0.0012377387,0.0012265948,0.0011380710,0.0011924353,0.0010828729,0.0012443965,0.0013221412,0.0010341776,0.0012612198,0.0014996659,0.0012811270,0.0013261642,0.0012160399,0.0010701357,0.0012476344,0.0012677721,0.0012522694,0.0012304480,0.0012002226,0.0011764136,0.0014440686
2022-04-21,0.0011297412,0.0011650998,0.0012796295,0.0014193032,0.0014809148,0.0012734535,0.0013552029,0.0013860410,0.0011617995,0.0012593892,0.0013800316,0.0013181101,0.0014760261,0.0016524816,0.0015438667,0.0015326429,0.0013255519,0.0013923698,0.0014897496,0.0014762066,0.0015909821,0.0013868413,0.0013948041,0.0013438432,0.0016781827
2022-04-20,0.0015124951,0.0013336362,0.0015233685,0.0016634494,0.0015738135,0.0015132596,0.0016646784,0.0017974532,0.0012028414,0.0015712379,0.0015088843,0.0019315702,0.0017798236,0.0017975270,0.0018044349,0.0017139413,0.0018822381,0.0017583642,0.0019888034,0.0019102408,0.0017884033,0.0017364265,0.0016403042,0.0016772338,0.0019735604
2022-04-19,0.0015124951,0.0019418329,0.0018483537,0.0021615076,0.0019727315,0.0018274884,0.0018992807,0.0020416604,0.0020868193,0.0021409616,0.0024351301,0.0016849427,0.0018872267,0.0023025958,0.0019477474,0.0021688660,0.0019415571,0.0022993993,0.0021913896,0.0020500145,0.0020767930,0.0017778248,0.0019821858,0.0021677733,0.0023849012
2022-04-18,0.0004691821,0.0003150899,0.0005118518,0.0004980582,0.0005983770,0.0006780726,0.0005765228,0.0005544164,0.0004041042,0.0006746728,0.0007264307,0.0009326251,0.0006751055,0.0007822091,0.0007817046,0.0008930625,0.0005087747,0.0004813621,0.0006695226,0.0006964164,0.0006387154,0.0011246524,0.0007274076,0.0008209927,0.0008751931
2022-04-17,0.0010247926,0.0010038910,0.0012918165,0.0012695602,0.0014754501,0.0013258249,0.0013277495,0.0013640404,0.0011365430,0.0013733339,0.0014734031,0.0015916802,0.0016386651,0.0014349135,0.0016068373,0.0014688528,0.0013255519,0.0013287186,0.0013736332,0.0014762066,0.0014554970,0.0012603467,0.0013457041,0.0013570613,0.0016191072
2022-04-16,0.0012964243,0.0012457042,0.0013365019,0.0016764705,0.0017596109,0.0017558222,0.0015548645,0.0014696435,0.0014932912,0.0015082685,0.0018114081,0.0019025552,0.0015926352,0.0017716260,0.0018804339,0.0020664660,0.0017636000,0.0015793452,0.0017689233,0.0016772846,0.0016529182,0.0016237313,0.0017385042,0.0015700201,0.0020917115
2022-04-15,0.0016112702,0.0016707091,0.0017427335,0.0019824670,0.0018415804,0.0018991546,0.0019142553,0.0019184568,0.0017900552,0.0020989820,0.0020018861,0.0018320902,0.0018964327,0.0019736535,0.0022799719,0.0020110693,0.0019118976,0.0020050125,0.0022655065,0.0022339272,0.0020206634,0.0019043194,0.0020149191,0.0018916613,0.0024242849
2022-04-14,0.0018273410,0.0018539009,0.0020433449,0.0025749285,0.0023907757,0.0021913322,0.0022037646,0.0023650700,0.0022162589,0.0021139747,0.0023361563,0.0026009878,0.0022462601,0.0024450511,0.0025991679,0.0024458497,0.0023910127,0.0021442495,0.0027620897,0.0024570748,0.0023613117,0.0022746038,0.0021694933,0.0023322656,0.0026102634
2022-04-13,0.0023891249,0.0023961486,0.0025023866,0.0028255852,0.0034755048,0.0027812003,0.0027952620,0.0030954916,0.0026014207,0.0029385748,0.0028440975,0.0037201379,0.0026758727,0.0032557513,0.0034655572,0.0033221253,0.0031690044,0.0030950392,0.0033525543,0.0032368649,0.0031703512,0.0031117684,0.0029150861,0.0030622001,0.0035073363
2022-04-12,0.0032657546,0.0035612483,0.0033554730,0.0039909764,0.0031257685,0.0038451679,0.0038659472,0.0037841120,0.0036748224,0.0038171487,0.0040075071,0.0026445103,0.0034675873,0.0037608201,0.0036110411,0.0042991222,0.0038808327,0.0039503521,0.0043827792,0.0039381857,0.0038555187,0.0031232679,0.0036243085,0.0036291110,0.0043606496
2022-04-11,0.0009630581,0.0009379420,0.0008205878,0.0010514563,0.0014481270,0.0013396069,0.0009958121,0.0010758318,0.0009629045,0.0011574386,0.0013987059,0.0020372677,0.0014177215,0.0013105888,0.0016220371,0.0016014692,0.0011042463,0.0010542229,0.0012871634,0.0015129891,0.0012096883,0.0016973282,0.0014548153,0.0012571910,0.0017503862
2022-04-10,0.0022100948,0.0022129568,0.0022830216,0.0022786978,0.0026230225,0.0025717144,0.0025606597,0.0027874825,0.0026708761,0.0027406708,0.0025546457,0.0027833678,0.0028231684,0.0029268091,0.0031897892,0.0033254827,0.0027423638,0.0025221785,0.0029300880,0.0028960133,0.0029071230,0.0027391841,0.0025113748,0.0027993062,0.0030216041
2022-04-09,0.0026113690,0.0024547699,0.0024901997,0.0027572243,0.0027159212,0.0028859432,0.0030074025,0.0029304867,0.0028666140,0.0029925486,0.0033483039,0.0030320678,0.0031238972,0.0031469673,0.0032093318,0.0030166039,0.0033538060,0.0030751482,0.0031969088,0.0031142564,0.0031626092,0.0028472796,0.0026695860,0.0028771463,0.0032119586
2022-04-08,0.0024014718,0.0027552045,0.0030142384,0.0030794973,0.0036913577,0.0031560697,0.0030772840,0.0033176982,0.0033401736,0.0035592738,0.0034696869,0.0033885378,0.0033693901,0.0034422383,0.0035002997,0.0034765647,0.0035021035,0.0031228866,0.0036416102,0.0035850731,0.0035013219,0.0036591452,0.0031915010,0.0035835819,0.0038399097
2022-04-07,0.0031484591,0.0035099546,0.0030426746,0.0035515132,0.0037733271,0.0037018355,0.0035215310,0.0039447168,0.0032738753,0.0032204381,0.0037367296,0.0038569229,0.0037100115,0.0037064281,0.0040322931,0.0037955156,0.0040907307,0.0035604885,0.0044914840,0.0038474554,0.0040877789,0.0032819612,0.0035770270,0.0036085495,0.0043037620
2022-04-06,0.0039633544,0.0045578117,0.0042410578,0.0040398056,0.0051422170,0.0048236873,0.0045472923,0.0047895418,0.0045146014,0.0047137138,0.0046779148,0.0055169955,0.0049620253,0.0047346964,0.0051614220,0.0051737191,0.0051037170,0.0054262641,0.0057242950,0.0051667231,0.0048445599,0.0047607986,0.0047627014,0.0045925658,0.0057303268
2022-04-05,0.0035929475,0.0047263481,0.0048260313,0.0051856650,0.0040165032,0.0051544545,0.0046770724,0.0051679530,0.0057995264,0.0047257080,0.0054995845,0.0036393104,0.0048208669,0.0049807556,0.0044448594,0.0054641323,0.0049713900,0.0055535665,0.0050770075,0.0044629502,0.0050013355,0.0042801190,0.0045608458,0.0050537317,0.0054874607
2022-04-04,0.0014384137,0.0012457042,0.0013080657,0.0015137064,0.0034099292,0.0018026809,0.0016946276,0.0016588491,0.0014743489,0.0020090256,0.0020242953,0.0029346603,0.0018749521,0.0017845765,0.0021518592,0.0020496791,0.0016175840,0.0013486096,0.0019863328,0.0020107797,0.0023787312,0.0025620916,0.0020349228,0.0019313157,0.0024483527
2022-04-03,0.0032410608,0.0036784911,0.0033026628,0.0038835520,0.0034372524,0.0036549768,0.0038235191,0.0042747265,0.0039589582,0.0041259989,0.0041681061,0.0038424154,0.0036517069,0.0038333428,0.0043037183,0.0045559616,0.0045493124,0.0039941123,0.0047854810,0.0042643244,0.0039813263,0.0027736827,0.0037734271,0.0040946829,0.0045400642
2022-04-02,0.0036608554,0.0040522023,0.0038429509,0.0044695029,0.0039072106,0.0043881773,0.0047669201,0.0043407285,0.0045240726,0.0045637866,0.0050327267,0.0049781455,0.0044955888,0.0043798532,0.0045794863,0.0045744272,0.0045858164,0.0044078450,0.0046545411,0.0048258714,0.0045290732,0.0040731277,0.0044881051,0.0044618532,0.0053999414
2022-04-01,0.0041732517,0.0042720325,0.0035829626,0.0045215874,0.0047897484,0.0048567641,0.0045348135,0.0048291429,0.0046661405,0.0045068142,0.0052530836,0.0045180504,0.0050141926,0.0049108230,0.0053394770,0.0049924207,0.0053204596,0.0048613597,0.0050350079,0.0047523063,0.0049877870,0.0048412952,0.0047627014,0.0045176631,0.0057303268
2022-03-31,0.0045127914,0.0045797947,0.0046391648,0.0053223869,0.0059263914,0.0055320803,0.0056079944,0.0052053541,0.0050134175,0.0060150827,0.0061606551,0.0058237256,0.0056800921,0.0053744503,0.0054371900,0.0055044208,0.0054687571,0.0055615229,0.0064160527,0.0055051226,0.0055239209,0.0060165455,0.0049227311,0.0051815070,0.0059228692
2022-03-30,0.0064512544,0.0067341301,0.0061097232,0.0064780122,0.0069236864,0.0067311111,0.0075696694,0.0071568118,0.0068950276,0.0077272523,0.0083735609,0.0083604658,0.0068400460,0.0075941630,0.0084098391,0.0080342050,0.0086970806,0.0073477344,0.0101836617,0.0080504755,0.0090562108,0.0088293265,0.0070413058,0.0065782227,0.0084718691
2022-03-29,0.0058030423,0.0070125816,0.0060162899,0.0072690458,0.0066777781,0.0074918755,0.0070804986,0.0066617972,0.0068823994,0.0053943837,0.0066835358,0.0052993830,0.0069996164,0.0064700611,0.0056695300,0.0066157129,0.0059204943,0.0075347098,0.0051190070,0.0056154703,0.0054600493,0.0038178385,0.0064084612,0.0072156303,0.0077104511
2022-03-28,0.0024508593,0.0022056291,0.0030020515,0.0022591661,0.0031530916,0.0026874829,0.0026455159,0.0023826705,0.0023709550,0.0040060571,0.0040691323,0.0040206504,0.0039708477,0.0026470786,0.0037087542,0.0028957383,0.0021970852,0.0021999443,0.0029473819,0.0030382391,0.0027697024,0.0045906058,0.0045772125,0.0029564551,0.0055071525
2022-03-27,0.0050498815,0.0049388506,0.0037860784,0.0062826952,0.0057542556,0.0053942606,0.0066612093,0.0067387995,0.0052849250,0.0042669305,0.0071074426,0.0049035355,0.0045630993,0.0055298560,0.0056261020,0.0060818898,0.0060961698,0.0058399968,0.0063419358,0.0059759393,0.0057310195,0.0040225298,0.0041898679,0.0054678998,0.0050411122
2022-03-26,0.0052721256,0.0058108435,0.0050128979,0.0054851510,0.0060384164,0.0056202848,0.0061071484,0.0055353638,0.0054427782,0.0058561598,0.0049505598,0.0065138681,0.0059317223,0.0059753526,0.0063795784,0.0059845258,0.0060277248,0.0061821220,0.0066532268,0.0058803047,0.0062361854,0.0056738600,0.0070231207,0.0058938173,0.0084499893
2022-03-25,0.0058030423,0.0057448944,0.0050250848,0.0061687604,0.0062651985,0.0060998972,0.0059574022,0.0066705974,0.0054932912,0.0060180812,0.0060598138,0.0066133481,0.0068400460,0.0063327860,0.0065294051,0.0065703883,0.0063494164,0.0063611409,0.0062159371,0.0065472950,0.0062303789,0.0060027461,0.0063629982,0.0060920892,0.0076557516
2022-03-24,0.0060746740,0.0069466326,0.0065728272,0.0069142201,0.0085548785,0.0067724570,0.0074848132,0.0084416499,0.0070623520,0.0070225940,0.0071933445,0.0065864056,0.0064595320,0.0069647695,0.0082230985,0.0068826244,0.0073144912,0.0074153638,0.0084221501,0.0073981981,0.0065516721,0.0082014531,0.0067557983,0.0069351122,0.0081283558
2022-03-23,0.0087107369,0.0087199291,0.0083033738,0.0099090800,0.0090139075,0.0086495605,0.0087526642,0.0101048991,0.0081231255,0.0089806444,0.0103717122,0.0102215710,0.0081074031,0.0092829059,0.0088354338,0.0088718707,0.0099610320,0.0087321478,0.0126986950,0.0102500723,0.0100355745,0.0083578465,0.0101146031,0.0094083712,0.0121695599
2022-03-22,0.0063030917,0.0080164726,0.0062397173,0.0072625353,0.0047378344,0.0077564892,0.0076320637,0.0047873417,0.0071444357,0.0065578195,0.0058917450,0.0041491454,0.0069597238,0.0072807613,0.0062167233,0.0067718309,0.0061349553,0.0079683335,0.0056427664,0.0067066861,0.0056361799,0.0045860060,0.0059301907,0.0069365809,0.0071350117
2022-03-21,0.0026977973,0.0020370927,0.0023358317,0.0027116503,0.0049700811,0.0028583793,0.0031197121,0.0030932916,0.0024025257,0.0036012534,0.0066648615,0.0054714005,0.0039647104,0.0032039494,0.0043536605,0.0033775220,0.0023316937,0.0022277917,0.0061418202,0.0032883605,0.0032787393,0.0047469992,0.0051536830,0.0034293704,0.0062007430
2022-03-20,0.0063154386,0.0073130161,0.0055653728,0.0083888630,0.0063772234,0.0055596442,0.0059798641,0.0067145988,0.0058531965,0.0060180812,0.0078618848,0.0051543080,0.0055266590,0.0062680335,0.0059279268,0.0069245916,0.0064817434,0.0063054462,0.0047484225,0.0066576427,0.0066445761,0.0060418444,0.0039971049,0.0066443133,0.0048091860
2022-03-19,0.0065500296,0.0066828364,0.0070684297,0.0074025124,0.0072542966,0.0074284785,0.0073126051,0.0078520324,0.0063993686,0.0066807598,0.0090495710,0.0074734357,0.0066804756,0.0070813239,0.0080103011,0.0066895752,0.0076567163,0.0076142738,0.0115152953,0.0078690149,0.0090542753,0.0067387150,0.0096690659,0.0070731682,0.0116335041
2022-03-18,0.0072352825,0.0071591350,0.0083074361,0.0086232434,0.0081477636,0.0088121877,0.0070380705,0.0082524443,0.0070970797,0.0076912697,0.0054118152,0.0073698107,0.0100744150,0.0070088011,0.0080819574,0.0106882121,0.0071228451,0.0077574890,0.0091484957,0.0074055547,0.0059342471,0.0064443274,0.0070776762,0.0075005544,0.0085156288
2022-03-17,0.0112727183,0.0129040295,0.0133365832,0.0117385487,0.0133746824,0.0136551698,0.0123216149,0.0147602369,0.0112549329,0.0123240228,0.0109543506,0.0105075760,0.0122470272,0.0124894454,0.0106224975,0.0119774451,0.0134631355,0.0140231531,0.0134200995,0.0145683444,0.0141252889,0.0108808397,0.0098691030,0.0102778304,0.0118741822
2022-03-16,0.0096923153,0.0086173417,0.0042573071,0.0075392343,0.0061285827,0.0066401502,0.0076944579,0.0056123661,0.0071318074,0.0071575286,0.0071559959,0.0100143210,0.0066191024,0.0073584642,0.0092523429,0.0052190437,0.0079670004,0.0083144369,0.0064185233,0.0074521459,0.0089807263,0.0082750500,0.0050263867,0.0109152380,0.0060475842
2022-03-15,0.0035929475,0.0058694649,0.0048544675,0.0071518557,0.0064783191,0.0074091837,0.0081312176,0.0064879920,0.0075895817,0.0066447773,0.0094996218,0.0059915981,0.0100099731,0.0069000171,0.0057998141,0.0055531028,0.0050512425,0.0061304054,0.0057440595,0.0046419586,0.0058316656,0.0053633731,0.0049045459,0.0054884613,0.0059009894
2022-03-14,0.0053029929,0.0046970374,0.0049316515,0.0056967444,0.0076067652,0.0054438757,0.0051238151,0.0050667500,0.0047987372,0.0052354608,0.0045210506,0.0053636305,0.0031024166,0.0060582357,0.0052526209,0.0052106503,0.0066984860,0.0068942197,0.0056872366,0.0061966346,0.0050187550,0.0042180216,0.0050645756,0.0064798211,0.0060935319
2022-03-13,0.0061487554,0.0066315427,0.0060406638,0.0069532834,0.0053143529,0.0073209792,0.0068483920,0.0073548177,0.0065193370,0.0068846609,0.0044837020,0.0066237106,0.0039217491,0.0067057599,0.0061667810,0.0071847884,0.0056946257,0.0056450650,0.0058749994,0.0073197287,0.0070549024,0.0057451570,0.0058065314,0.0069850474,0.0069862288
2022-03-12,0.0060561537,0.0070492200,0.0068978124,0.0084376923,0.0078253504,0.0079053344,0.0083882819,0.0074208197,0.0075327545,0.0074903672,0.0071746702,0.0076641057,0.0087518220,0.0076304243,0.0069658569,0.0072771163,0.0074376922,0.0059354736,0.0088223813,0.0078420410,0.0075716813,0.0071618971,0.0073540911,0.0072802523,0.0088482021
2022-03-11,0.0050313611,0.0055910133,0.0039688827,0.0061296970,0.0055657258,0.0057911812,0.0048143397,0.0057245694,0.0045019732,0.0050435539,0.0047096612,0.0053346155,0.0065423859,0.0053666800,0.0068507726,0.0047473321,0.0049668270,0.0054541115,0.0048843035,0.0057135571,0.0054348878,0.0063339321,0.0051100386,0.0052211613,0.0061482315
2022-03-10,0.0053647274,0.0058694649,0.0056913046,0.0066082235,0.0068990956,0.0061688070,0.0061346018,0.0068554029,0.0058847672,0.0057302208,0.0057516877,0.0063211256,0.0035841964,0.0060763664,0.0050571947,0.0074298770,0.0065250919,0.0065560727,0.0070855754,0.0069592596,0.0080458791,0.0053403741,0.0051009460,0.0064240112,0.0061372915
2022-03-09,0.0068093145,0.0069246496,0.0063453375,0.0077247854,0.0074701495,0.0078143735,0.0078142548,0.0070798096,0.0070213102,0.0068216915,0.0064239629,0.0065159406,0.0067817415,0.0069155577,0.0064295206,0.0070353851,0.0073829362,0.0068106775,0.0081726232,0.0078641105,0.0064529615,0.0065984209,0.0061047685,0.0070305765,0.0073450580
2022-03-08,0.0025002469,0.0030409837,0.0026080068,0.0032324955,0.0039017459,0.0043302930,0.0039083753,0.0037621114,0.0037537490,0.0041799727,0.0042147919,0.0034921628,0.0060421941,0.0033671255,0.0032158460,0.0029242760,0.0027035783,0.0036161833,0.0029770287,0.0024865008,0.0028684130,0.0033072601,0.0035624789,0.0037260440,0.0042862582
2022-03-07,0.0035312130,0.0032021924,0.0030995471,0.0041895486,0.0043225225,0.0037459378,0.0037062180,0.0037665115,0.0030718232,0.0040810207,0.0028907833,0.0039439679,0.0034123514,0.0038851448,0.0039866936,0.0040288533,0.0036458381,0.0039702431,0.0033723188,0.0039676117,0.0032632553,0.0039121345,0.0033551677,0.0040844022,0.0040368281
2022-03-06,0.0041609048,0.0047263481,0.0042369955,0.0052051967,0.0052597065,0.0050359296,0.0051487728,0.0049039452,0.0041041831,0.0045397982,0.0036937787,0.0046258205,0.0034859992,0.0048486607,0.0045729721,0.0049638830,0.0046565429,0.0044038668,0.0053932396,0.0048920800,0.0042426190,0.0036683448,0.0042280568,0.0051829756,0.0050870598
2022-03-05,0.0041423844,0.0043526369,0.0043344911,0.0053321528,0.0052597065,0.0047630467,0.0048942043,0.0051767532,0.0044830308,0.0046957226,0.0052866974,0.0049636380,0.0059900269,0.0051387515,0.0050181095,0.0052660470,0.0048687225,0.0048096432,0.0055044149,0.0051348449,0.0048445599,0.0043606155,0.0043080717,0.0052931267,0.0051833311
2022-03-04,0.0045251383,0.0046530714,0.0049032153,0.0063022269,0.0056176398,0.0058573346,0.0062918353,0.0053879595,0.0051460142,0.0050735393,0.0065490808,0.0051294380,0.0070425777,0.0059831229,0.0051505650,0.0052291159,0.0053067706,0.0065401599,0.0051832417,0.0048822713,0.0053342417,0.0056508610,0.0050827608,0.0054723058,0.0061154117
2022-03-03,0.0027163177,0.0034220226,0.0029817399,0.0044011420,0.0043607749,0.0034647857,0.0031271994,0.0040657203,0.0033370166,0.0041319960,0.0031503562,0.0050050880,0.0067142309,0.0038799646,0.0047618841,0.0049487748,0.0032077900,0.0060747106,0.0037774912,0.0038180293,0.0038826157,0.0043307168,0.0037970678,0.0044412917,0.0045685079
2022-03-02,0.0044634038,0.0049974720,0.0039282595,0.0055437461,0.0051312877,0.0053722095,0.0054732229,0.0043429286,0.0046156275,0.0039310934,0.0035892025,0.0033947553,0.0012520138,0.0049444942,0.0034069294,0.0037518696,0.0051151245,0.0017583642,0.0044593666,0.0055934007,0.0051387561,0.0040041306,0.0041043975,0.0051624141,0.0049382770
2022-03-01,0.0018643817,0.0022862335,0.0018646030,0.0029720729,0.0029345064,0.0031312622,0.0027029186,0.0029392870,0.0024656669,0.0028456199,0.0033277622,0.0022175752,0.0026758727,0.0026755697,0.0034612144,0.0020463217,0.0023796052,0.0037593985,0.0035427877,0.0017508497,0.0017806612,0.0020354139,0.0026404897,0.0024776650,0.0031769509
2022-02-28,0.0024138186,0.0020810587,0.0024617635,0.0026465447,0.0030137435,0.0025469069,0.0027153974,0.0024420723,0.0022825572,0.0027436693,0.0022558567,0.0027087578,0.0019148446,0.0030174624,0.0027381376,0.0028017317,0.0023202862,0.0020646855,0.0022333892,0.0032000824,0.0022606656,0.0027276846,0.0027168675,0.0030225457,0.0032688462
2022-02-27,0.0029941229,0.0027112384,0.0028476835,0.0038607651,0.0037159485,0.0036384384,0.0032844329,0.0032714968,0.0030402526,0.0032084439,0.0026517521,0.0033201453,0.0029459148,0.0036028242,0.0023733421,0.0035470696,0.0032191975,0.0026057207,0.0037725501,0.0033006214,0.0031045442,0.0030795697,0.0030769343,0.0040300610,0.0037020668
2022-02-26,0.0027965725,0.0032388308,0.0027704995,0.0039779552,0.0035383480,0.0033655556,0.0035689506,0.0031240925,0.0030970797,0.0039190992,0.0031895723,0.0034071903,0.0027648638,0.0035562025,0.0045621151,0.0037753713,0.0032465755,0.0025301349,0.0042147809,0.0032000824,0.0034335794,0.0034038560,0.0031878639,0.0032046622,0.0038355337
2022-02-25,0.0029570822,0.0030336560,0.0028923689,0.0036328953,0.0034509140,0.0032994021,0.0032020725,0.0032186953,0.0033401736,0.0027796519,0.0036676346,0.0026445103,0.0034307633,0.0034733194,0.0033396159,0.0030636072,0.0029978919,0.0026932410,0.0031252625,0.0034011604,0.0033135783,0.0039535328,0.0039771012,0.0034748995,0.0047851182
2022-02-24,0.0030435105,0.0033267629,0.0028639327,0.0038412334,0.0035520096,0.0034096578,0.0035215310,0.0034761029,0.0030907656,0.0028756053,0.0028777113,0.0036600354,0.0028753356,0.0033515849,0.0039780080,0.0043897714,0.0032762350,0.0037355293,0.0032067911,0.0035850731,0.0033658369,0.0032842611,0.0036206715,0.0034323078,0.0043562736
2022-02-23,0.0031361122,0.0034440056,0.0036357728,0.0045639061,0.0036531053,0.0036026053,0.0038335022,0.0037203101,0.0033938437,0.0028606126,0.0034043268,0.0041698704,0.0036363636,0.0038359329,0.0037130970,0.0041094304,0.0031233744,0.0030870828,0.0036934920,0.0039063075,0.0038458412,0.0039236340,0.0041225827,0.0045705356,0.0049601568
2022-02-22,0.0012532102,0.0018172625,0.0010887007,0.0023796115,0.0019891254,0.0019680644,0.0019192469,0.0019580580,0.0017079716,0.0022009325,0.0018580939,0.0022383002,0.0016846951,0.0019555229,0.0023950562,0.0028386629,0.0018845196,0.0018339500,0.0022160952,0.0014835631,0.0014303355,0.0019273185,0.0027186860,0.0021633673,0.0032710342
2022-02-21,0.0019075958,0.0015901047,0.0018605407,0.0023535693,0.0019781961,0.0017640914,0.0017420472,0.0017864529,0.0017805841,0.0019490547,0.0020915228,0.0010134526,0.0016018412,0.0019969644,0.0017088932,0.0023048398,0.0016951550,0.0015674106,0.0016379834,0.0023712488,0.0012813019,0.0018583214,0.0020167376,0.0025364123,0.0024264728
2022-02-20,0.0019075958,0.0017146751,0.0016574249,0.0026302683,0.0025082653,0.0024504332,0.0024009304,0.0020372603,0.0022036306,0.0023598555,0.0023660352,0.0015377951,0.0012827004,0.0024424610,0.0015938089,0.0015947544,0.0019575276,0.0026972192,0.0016725713,0.0020402058,0.0024619577,0.0016237313,0.0020094636,0.0020752464,0.0024177209
2022-02-19,0.0012779040,0.0020737310,0.0016249264,0.0025065675,0.0023060739,0.0021003713,0.0020789761,0.0021560638,0.0021215470,0.0021589529,0.0028030140,0.0018238002,0.0016202532,0.0022896453,0.0022430580,0.0026875809,0.0019757796,0.0019890997,0.0021419783,0.0023565358,0.0023245371,0.0021596086,0.0021403969,0.0021942096,0.0025752557
2022-02-18,0.0021607072,0.0018905392,0.0020027218,0.0022201027,0.0023552556,0.0022106270,0.0025381978,0.0024090713,0.0019921073,0.0028366242,0.0028291581,0.0022714602,0.0021818182,0.0025149837,0.0021171167,0.0023971677,0.0023545087,0.0023749851,0.0027126784,0.0025208312,0.0026148623,0.0022677041,0.0021949525,0.0024982266,0.0026408951
2022-02-17,0.0015186685,0.0016194154,0.0016452380,0.0026172471,0.0023607202,0.0020342179,0.0015373941,0.0020702613,0.0018784530,0.0018381085,0.0017311086,0.0014466051,0.0019271193,0.0018467388,0.0016632938,0.0012472658,0.0015651095,0.0016032144,0.0015441020,0.0021186752,0.0021367935,0.0018031237,0.0021258488,0.0017888536,0.0025577518
2022-02-16,0.0014013730,0.0013116532,0.0013811874,0.0020801255,0.0020301101,0.0021251788,0.0019641707,0.0020174597,0.0019952644,0.0016971769,0.0017665898,0.0014652576,0.0017061757,0.0019658832,0.0017675210,0.0009098494,0.0020100021,0.0011019613,0.0016701007,0.0018464843,0.0017980808,0.0017571257,0.0018912598,0.0019915316,0.0022755020
2022-02-15,0.0011235678,0.0009965633,0.0008855849,0.0010286693,0.0012377387,0.0012265948,0.0010357444,0.0010252303,0.0011018153,0.0012443965,0.0015331609,0.0014901276,0.0014392021,0.0009945971,0.0013397549,0.0013312003,0.0009057558,0.0013128058,0.0010499894,0.0009931290,0.0007451680,0.0010119572,0.0014893671,0.0010016405,0.0017919579
2022-02-14,0.0005926511,0.0006668181,0.0010399529,0.0010937749,0.0013033143,0.0009509555,0.0007911590,0.0010076298,0.0010670876,0.0009775259,0.0021531480,0.0008538701,0.0007978519,0.0010723000,0.0010661583,0.0011465445,0.0009605118,0.0010542229,0.0009462257,0.0010299116,0.0011419458,0.0008877624,0.0011493041,0.0010662625,0.0013828051
2022-02-13,0.0011359147,0.0008133715,0.0010074543,0.0013281553,0.0012240772,0.0010336473,0.0013027918,0.0013552401,0.0009692186,0.0010794765,0.0008515486,0.0009388426,0.0006075949,0.0012406562,0.0011595285,0.0011012199,0.0011019648,0.0009149859,0.0008819911,0.0010666941,0.0011516233,0.0009889582,0.0013584337,0.0011749449,0.0016344231
2022-02-12,0.0013272916,0.0008793206,0.0009749558,0.0007715020,0.0011448400,0.0012982610,0.0012179356,0.0011814350,0.0008050513,0.0012024168,0.0010158825,0.0014362426,0.0012336018,0.0012691473,0.0010509585,0.0016652594,0.0011156538,0.0011815252,0.0009931664,0.0012334417,0.0013471089,0.0011729504,0.0016675820,0.0010838867,0.0020063802
2022-02-11,0.0010000988,0.0007694055,0.0009790181,0.0005468875,0.0011967540,0.0011053135,0.0011655244,0.0011550342,0.0010765588,0.0011964197,0.0009635944,0.0011606001,0.0010678941,0.0009635159,0.0010335872,0.0009299936,0.0009148818,0.0012252854,0.0011241063,0.0009391813,0.0018406618,0.0011200526,0.0009929114,0.0010192647,0.0011946386
2022-02-10,0.0005679573,0.0007767332,0.0008815226,0.0010807538,0.0012486680,0.0009371735,0.0007162859,0.0010604314,0.0007419100,0.0009805244,0.0013128040,0.0011564551,0.0013348677,0.0011111514,0.0010466157,0.0014957118,0.0010654608,0.0009428333,0.0011018712,0.0010127464,0.0012890439,0.0009613593,0.0015293745,0.0010236707,0.0018400935
2022-02-09,0.0008828032,0.0015534664,0.0009993297,0.0007682467,0.0010437444,0.0009923014,0.0013377325,0.0013310394,0.0007513812,0.0010464925,0.0017889990,0.0014507501,0.0008009206,0.0010386287,0.0010357586,0.0005405378,0.0010107048,0.0010462665,0.0009709314,0.0011157375,0.0005593599,0.0009843584,0.0014984597,0.0015391778,0.0018028978
2022-02-08,0.0003518866,0.0001099151,0.0004956025,0.0003320388,0.0008224268,0.0006201884,0.0006164551,0.0006490192,0.0006913970,0.0006536830,0.0004612555,0.0006113876,0.0007119294,0.0006527043,0.0006079925,0.0002820197,0.0005224637,0.0004296455,0.0005954057,0.0006767990,0.0003290352,0.0005082785,0.0008492484,0.0003289846,0.0010217879
2022-02-07,0.0004753556,0.0006888011,0.0005971604,0.0001725300,0.0007869067,0.0005981372,0.0007761844,0.0006358188,0.0006724546,0.0006656771,0.0004183046,0.0005637201,0.0004449559,0.0006682449,0.0008707321,0.0005304657,0.0005384342,0.0006166209,0.0006868166,0.0008337379,0.0007296840,0.0007244694,0.0003018742,0.0010207334,0.0003632051
2022-02-06,0.0006543856,0.0007107841,0.0006134097,0.0010091376,0.0008798055,0.0007745464,0.0007562182,0.0005830173,0.0007040253,0.0007706262,0.0007040215,0.0006507651,0.0005646337,0.0005387401,0.0008077615,0.0003122361,0.0006137237,0.0006325337,0.0007955214,0.0009538943,0.0007025870,0.0009130614,0.0004328075,0.0010486383,0.0005207399
2022-02-05,0.0006543856,0.0006521628,0.0006499705,0.0007389491,0.0007759775,0.0007607644,0.0006039763,0.0008492251,0.0006408840,0.0007286466,0.0009318481,0.0007979126,0.0005216724,0.0008702724,0.0007795332,0.0005120001,0.0007779917,0.0007876835,0.0007312867,0.0011770418,0.0011380748,0.0010993535,0.0004746335,0.0011352905,0.0005710635
2022-02-04,0.0004321414,0.0008060439,0.0007068430,0.0005175899,0.0006093063,0.0005071763,0.0005241116,0.0007348218,0.0004483031,0.0006416888,0.0004033651,0.0003834125,0.0005492904,0.0006112628,0.0007143912,0.0003911345,0.0004950856,0.0007399451,0.0005781118,0.0005443818,0.0003116157,0.0009314606,0.0003637038,0.0006946862,0.0004375965
2022-02-03,0.0004691821,0.0005275923,0.0006296590,0.0004850371,0.0005819831,0.0004410228,0.0005241116,0.0005720169,0.0005272297,0.0006147019,0.0004052325,0.0003005125,0.0003406214,0.0005750014,0.0006253637,0.0002501246,0.0003764476,0.0001909536,0.0005509356,0.0006277556,0.0004645203,0.0004898793,0.0003509742,0.0006212521,0.0004222807
2022-02-02,0.0002654583,0.0004543156,0.0005240388,0.0006673329,0.0005218722,0.0002701265,0.0002570643,0.0002684079,0.0003820047,0.0004437848,0.0001811408,0.0002176125,0.0004081320,0.0005128391,0.0004798798,0.0002148722,0.0003650401,0.0005370569,0.0004521131,0.0004046081,0.0005477469,0.0003909835,0.0002709593,0.0005713170,0.0003260094
2022-02-01,0.0002531114,0.0003956943,0.0003899823,0.0003515705,0.0004644936,0.0003803822,0.0004068105,0.0005236155,0.0003378058,0.0003178458,0.0003678839,0.0002569900,0.0003222094,0.0003781541,0.0004277661,0.0003273443,0.0003194101,0.0004177109,0.0003483494,0.0004168690,0.0003580678,0.0002644888,0.0005200965,0.0004141681,0.0006257631
2022-01-31,0.0003642335,0.0002564685,0.0004102939,0.0003873786,0.0005109429,0.0003610875,0.0003169627,0.0003234096,0.0002683504,0.0002698691,0.0004089674,0.0002051775,0.0002761795,0.0004403164,0.0004538230,0.0003625968,0.0003171286,0.0002983650,0.0003804667,0.0004462950,0.0005922634,0.0004277819,0.0004637224,0.0004494164,0.0005579356
2022-01-30,0.0003271928,0.0004103496,0.0004021693,0.0003971445,0.0004371704,0.0003803822,0.0003668781,0.0003674109,0.0002588792,0.0003538284,0.0003641491,0.0004082825,0.0003774453,0.0004195956,0.0004169091,0.0003542034,0.0003445066,0.0002625612,0.0003829373,0.0004732689,0.0003967778,0.0004300818,0.0003709779,0.0004200428,0.0004463485
2022-01-29,0.0003271928,0.0004689710,0.0004549794,0.0003222730,0.0003934534,0.0003417927,0.0003618866,0.0003476103,0.0003157064,0.0003598255,0.0003940280,0.0003067300,0.0003498274,0.0004739877,0.0004234233,0.0004062427,0.0003581956,0.0002506266,0.0004076429,0.0003580169,0.0004954883,0.0005059786,0.0004509927,0.0003950752,0.0005426197
2022-01-28,0.0003210194,0.0003590559,0.0004468548,0.0004036550,0.0004918167,0.0004961507,0.0002969966,0.0003696109,0.0002304657,0.0003448328,0.0003211981,0.0002735700,0.0003682394,0.0004118253,0.0004690228,0.0001812984,0.0003194101,0.0003023432,0.0003928196,0.0004757211,0.0003967778,0.0004415813,0.0004673594,0.0004244488,0.0005623116
2022-01-27,0.0003086725,0.0002857792,0.0003249853,0.0003157624,0.0003579333,0.0002976904,0.0003244501,0.0003256096,0.0002494081,0.0002518778,0.0002913192,0.0002569900,0.0003068661,0.0004014650,0.0003387387,0.0002031214,0.0002669356,0.0002705176,0.0003187027,0.0003947994,0.0004316168,0.0003955833,0.0003946186,0.0003657016,0.0004747923
2022-01-26,0.0002284176,0.0002491408,0.0003615461,0.0002864649,0.0003797918,0.0002012167,0.0003369289,0.0003608107,0.0001610103,0.0001889084,0.0003622816,0.0002424825,0.0003406214,0.0003703838,0.0003235389,0.0000973640,0.0002372761,0.0002466484,0.0003137615,0.0003555647,0.0004567783,0.0002943875,0.0003982557,0.0002584879,0.0004791682
2022-01-25,0.0001666831,0.0002418132,0.0001462434,0.0001627641,0.0003306101,0.0000689098,0.0001123096,0.0001672049,0.0001010260,0.0000689666,0.0002315615,0.0000725375,0.0001472957,0.0001165543,0.0001433125,0.0001460459,0.0001003860,0.0000596730,0.0002050567,0.0001642954,0.0001858081,0.0001954917,0.0003000556,0.0001703670,0.0003610171
2022-01-24,0.0002407645,0.0001318981,0.0001868665,0.0001660194,0.0002076559,0.0001488452,0.0000973350,0.0001122033,0.0000883978,0.0001409316,0.0001008413,0.0001036250,0.0002086690,0.0001709464,0.0001454839,0.0001141508,0.0001049490,0.0001432152,0.0001408221,0.0001741041,0.0002167762,0.0001632931,0.0002545927,0.0001630236,0.0003063176
2022-01-23,0.0001234690,0.0001612088,0.0002031158,0.0001953170,0.0002349791,0.0001626272,0.0001123096,0.0001232036,0.0001010260,0.0001199418,0.0001381899,0.0001430025,0.0001779824,0.0001528157,0.0001389697,0.0001376525,0.0001642680,0.0001352588,0.0001259987,0.0001446781,0.0002051631,0.0001839922,0.0002345890,0.0001424621,0.0002822498
2022-01-22,0.0001543362,0.0002857792,0.0001787419,0.0001269560,0.0001967267,0.0001846783,0.0001098139,0.0000990029,0.0000662983,0.0000809607,0.0001587316,0.0001367850,0.0001626390,0.0001605860,0.0001411411,0.0001225443,0.0000958230,0.0001153678,0.0001531749,0.0001471302,0.0001993566,0.0001632931,0.0002127667,0.0001409934,0.0002559940
2022-01-21,0.0001049486,0.0001685364,0.0001462434,0.0001595088,0.0001776005,0.0001571144,0.0000948392,0.0001496044,0.0000631413,0.0000809607,0.0001493945,0.0000911900,0.0001258151,0.0001424553,0.0001324555,0.0001426886,0.0001460160,0.0001710626,0.0001457632,0.0001177042,0.0001780661,0.0001931918,0.0001982186,0.0001189632,0.0002384901
2022-01-20,0.0001172955,0.0001758641,0.0001381187,0.0001367219,0.0001038280,0.0001323069,0.0001148054,0.0001210036,0.0000883978,0.0001259389,0.0001419248,0.0000953350,0.0001258151,0.0001450454,0.0001237699,0.0000755410,0.0001300455,0.0001273024,0.0001136459,0.0001250607,0.0001625821,0.0001103953,0.0001800334,0.0001351187,0.0002166103
2022-01-19,0.0001049486,0.0001831918,0.0001746796,0.0000911479,0.0001256865,0.0001295505,0.0000798646,0.0001012030,0.0000789266,0.0000899564,0.0000952390,0.0000870450,0.0001166091,0.0001061940,0.0000846847,0.0000721836,0.0001072305,0.0001074114,0.0001630572,0.0001127998,0.0001374206,0.0001080954,0.0001727593,0.0001160258,0.0002078584
2022-01-18,0.0000617345,0.0000732767,0.0001015579,0.0000520845,0.0001065603,0.0000385895,0.0000349408,0.0000682020,0.0000347277,0.0000539738,0.0000802995,0.0000497400,0.0000767165,0.0000569821,0.0000607992,0.0000604328,0.0000730080,0.0000755858,0.0000592935,0.0000784695,0.0000929041,0.0000850964,0.0001091111,0.0000704967,0.0001312790
2022-01-17,0.0000802548,0.0001245704,0.0001299941,0.0000455740,0.0000601109,0.0000716662,0.0000424281,0.0000704021,0.0000820837,0.0000629695,0.0000504206,0.0000414500,0.0000889912,0.0000802930,0.0000803419,0.0000788984,0.0000616005,0.0000994550,0.0000667052,0.0000490434,0.0000658070,0.0000965959,0.0001018371,0.0000690280,0.0001225270
2022-01-16,0.0000370407,0.0001025874,0.0001299941,0.0000846373,0.0000901664,0.0000826918,0.0000798646,0.0001100033,0.0000441989,0.0000659680,0.0000802995,0.0000455950,0.0001503644,0.0000984237,0.0000738277,0.0001007213,0.0000889785,0.0001113896,0.0000790580,0.0000711129,0.0001161301,0.0000735969,0.0001000185,0.0001072137,0.0001203390
2022-01-15,0.0001049486,0.0001538811,0.0001381187,0.0000976585,0.0000956310,0.0001102557,0.0000948392,0.0000572017,0.0000599842,0.0000689666,0.0000672275,0.0000518125,0.0001442271,0.0001165543,0.0000673135,0.0000671476,0.0000661635,0.0000835422,0.0000741169,0.0000637564,0.0001045171,0.0000850964,0.0001109297,0.0000778401,0.0001334669
2022-01-14,0.0000555610,0.0001685364,0.0001218695,0.0000878926,0.0001065603,0.0001212813,0.0000848562,0.0000792023,0.0001010260,0.0000959535,0.0000653601,0.0000601025,0.0000644419,0.0000932435,0.0000651421,0.0000520394,0.0000730080,0.0000835422,0.0000889403,0.0000686608,0.0000909686,0.0001425940,0.0000963815,0.0000763714,0.0001159631
2022-01-13,0.0001111221,0.0001318981,0.0001178072,0.0001074243,0.0000956310,0.0000964737,0.0000873519,0.0000792023,0.0000631413,0.0000629695,0.0000672275,0.0000621750,0.0000828539,0.0000828831,0.0000651421,0.0000503607,0.0001323270,0.0000517166,0.0000988225,0.0000833738,0.0001238721,0.0000988958,0.0001509371,0.0000969330,0.0001816026
2022-01-12,0.0000740814,0.0001538811,0.0001665550,0.0000618504,0.0001229542,0.0001240377,0.0000823604,0.0000902027,0.0000505130,0.0000749636,0.0000504206,0.0000808275,0.0001258151,0.0001372751,0.0000564564,0.0000755410,0.0001163565,0.0000716076,0.0000963520,0.0000833738,0.0001354851,0.0001402941,0.0001818519,0.0001057450,0.0002187983
2022-01-11,0.0001296424,0.0000732767,0.0000893710,0.0000325528,0.0000683079,0.0000964737,0.0000748731,0.0000704021,0.0000662983,0.0000599709,0.0000653601,0.0000497400,0.0000460299,0.0000699326,0.0000716563,0.0000537180,0.0000935415,0.0000517166,0.0000494113,0.0000514956,0.0000619360,0.0001011957,0.0001309334,0.0000602159,0.0001575348
2022-01-10,0.0000926017,0.0001612088,0.0000974956,0.0000683609,0.0000792371,0.0001185249,0.0000673858,0.0000880026,0.0000536701,0.0000599709,0.0000522881,0.0000580300,0.0000306866,0.0000673425,0.0000542850,0.0000553967,0.0001049490,0.0000835422,0.0000321173,0.0000588521,0.0000696780,0.0000758968,0.0000872889,0.0000807775,0.0001050232
2022-01-09,0.0001234690,0.0001245704,0.0001299941,0.0000553398,0.0000901664,0.0001267941,0.0000823604,0.0000594018,0.0000852407,0.0000719651,0.0000877693,0.0000766825,0.0000889912,0.0001036039,0.0000781705,0.0000486820,0.0001186380,0.0000954768,0.0000815286,0.0000637564,0.0000793556,0.0000919961,0.0000891074,0.0000998703,0.0001072112
2022-01-08,0.0001728566,0.0001172427,0.0000974956,0.0000976585,0.0001120249,0.0001074993,0.0001023266,0.0000902027,0.0000662983,0.0001259389,0.0000952390,0.0000538850,0.0000920598,0.0000984237,0.0000629707,0.0000872918,0.0001049490,0.0000994550,0.0000642346,0.0000833738,0.0001006461,0.0000942960,0.0001236593,0.0000719654,0.0001487828
2022-01-07,0.0001481628,0.0001685364,0.0001462434,0.0000976585,0.0000928987,0.0000992301,0.0000898477,0.0000858025,0.0000568272,0.0000929549,0.0000821670,0.0000787550,0.0000644419,0.0000958336,0.0000933703,0.0000470033,0.0001163565,0.0000795640,0.0001161165,0.0001078955,0.0000812911,0.0001126952,0.0001345704,0.0000895895,0.0001619107
2022-01-06,0.0000987752,0.0001685364,0.0001137448,0.0001074243,0.0001393481,0.0001488452,0.0001422589,0.0000858025,0.0000947119,0.0000959535,0.0001120459,0.0000891175,0.0001074031,0.0000802930,0.0001107415,0.0000805771,0.0001391715,0.0001193460,0.0001432927,0.0000784695,0.0001103236,0.0001080954,0.0001382074,0.0001116198,0.0001662867
2022-01-05,0.0001296424,0.0001465534,0.0001584303,0.0001237007,0.0001420804,0.0001819219,0.0001771996,0.0001364040,0.0001041831,0.0001319360,0.0000877693,0.0001305675,0.0001104718,0.0001165543,0.0001780549,0.0000788984,0.0001665495,0.0001432152,0.0001136459,0.0000907303,0.0000948396,0.0001241947,0.0001818519,0.0001160258,0.0002187983
2022-01-04,0.0000802548,0.0001245704,0.0000934333,0.0000651057,0.0000765048,0.0000882046,0.0001148054,0.0001056031,0.0001168114,0.0000869578,0.0000877693,0.0000601025,0.0000859225,0.0000880633,0.0000803419,0.0000654689,0.0000866970,0.0000954768,0.0000691758,0.0000858260,0.0000909686,0.0000735969,0.0001036556,0.0000881209,0.0001247150
2022-01-03,0.0000740814,0.0001538811,0.0000812463,0.0001106796,0.0000737725,0.0001047429,0.0001048223,0.0000792023,0.0000726125,0.0000989520,0.0001101784,0.0000663200,0.0001135405,0.0000932435,0.0000998845,0.0000537180,0.0000684450,0.0000994550,0.0000864697,0.0000490434,0.0000677425,0.0000942960,0.0001163852,0.0000895895,0.0001400309
2022-01-02,0.0001049486,0.0001905195,0.0001421811,0.0000878926,0.0000901664,0.0000992301,0.0001197969,0.0001056031,0.0001420679,0.0001079476,0.0001195156,0.0001098425,0.0000736479,0.0001165543,0.0001042273,0.0000688262,0.0001597050,0.0001312806,0.0001259987,0.0000858260,0.0001122591,0.0001057955,0.0001036556,0.0001204319,0.0001247150
2022-01-01,0.0001234690,0.0002125025,0.0001503057,0.0001334666,0.0000928987,0.0002039731,0.0001447546,0.0001232036,0.0001389108,0.0001349346,0.0001643339,0.0001015525,0.0001565017,0.0001010138,0.0001498267,0.0001175082,0.0001802386,0.0001591280,0.0001284693,0.0000931825,0.0000929041,0.0001356943,0.0001382074,0.0001409934,0.0001662867